2017-12-29 20:34:31.012300, 2.6633
2017-12-29 20:39:32.924579, 2.70259
2017-12-29 20:44:33.284256, 2.70259
2017-12-29 20:49:33.936962, 2.785
2017-12-29 20:58:52.618705, 2.84026
2017-12-29 21:03:53.461173, 2.77932
2017-12-29 21:08:54.464640, 2.80308
2017-12-29 21:13:55.041951, 2.72439
2017-12-29 21:18:55.759558, 2.7037
2017-12-29 21:23:56.650512, 2.69049
2017-12-29 21:29:02.160385, 2.58764
2017-12-29 21:34:02.945463, 2.47671
2017-12-29 21:39:04.290655, 2.43457
2017-12-29 21:44:05.340948, 2.36324
2017-12-29 21:49:06.610156, 2.31308
2017-12-29 21:54:07.656426, 2.40318
2017-12-29 21:59:08.687328, 2.40318
2017-12-29 22:04:09.251104, 2.45467
2017-12-29 22:09:09.701438, 2.44936
2017-12-29 22:14:10.403457, 2.44413
2017-12-29 22:19:11.219254, 2.43825
2017-12-29 22:24:11.900139, 2.47097
2017-12-29 22:29:12.917425, 2.56061
2017-12-29 22:34:13.305523, 2.57503
2017-12-29 22:39:14.012830, 2.61781
2017-12-29 22:44:14.668012, 2.67441
2017-12-29 22:49:15.209221, 2.63301
2017-12-29 22:54:15.790685, 2.57404
2017-12-29 22:59:16.539033, 2.53602
2017-12-29 23:04:17.305024, 2.51559
2017-12-29 23:09:17.937818, 2.50953
2017-12-29 23:14:18.502912, 2.50953
2017-12-29 23:19:18.963466, 2.54381
2017-12-29 23:24:19.654418, 2.53123
2017-12-29 23:29:20.120555, 2.55766
2017-12-29 23:34:20.851510, 2.56193
2017-12-29 23:39:21.584113, 2.56917
2017-12-29 23:44:22.272036, 2.57423
2017-12-29 23:49:22.729352, 2.57403
2017-12-29 23:54:23.227752, 2.57258
2017-12-29 23:59:23.908506, 2.49374
2017-12-30 00:04:24.518912, 2.5026
2017-12-30 00:09:25.274344, 2.52535
2017-12-30 00:14:25.816359, 2.52535
2017-12-30 00:19:26.567181, 2.50935
2017-12-30 00:24:26.944944, 2.49828
2017-12-30 00:29:27.541723, 2.50946
2017-12-30 00:34:27.940512, 2.50839
2017-12-30 00:39:28.583577, 2.50612
2017-12-30 00:44:29.195642, 2.50449
2017-12-30 00:49:29.875954, 2.50103
2017-12-30 00:54:30.324887, 2.50224
2017-12-30 00:59:30.886283, 2.56412
2017-12-30 01:04:31.412201, 2.57085
2017-12-30 01:09:32.018998, 2.56521
2017-12-30 01:14:32.676876, 2.5701
2017-12-30 01:19:33.221149, 2.58075
2017-12-30 01:24:33.908262, 2.63024
2017-12-30 01:29:34.416176, 2.63024
2017-12-30 01:34:34.909942, 2.65569
2017-12-30 01:39:35.540949, 2.6704
2017-12-30 01:44:36.152050, 2.72322
2017-12-30 01:49:36.633865, 2.72625
2017-12-30 01:54:37.179060, 2.70806
2017-12-30 01:59:37.731602, 2.6664
2017-12-30 02:04:38.264821, 2.67389
2017-12-30 02:09:38.879658, 2.6974
2017-12-30 02:14:39.456300, 2.6974
2017-12-30 02:19:40.071300, 2.71227
2017-12-30 02:24:40.723587, 2.70675
2017-12-30 02:29:41.245015, 2.70675
2017-12-30 02:34:41.750132, 2.73938
2017-12-30 02:39:42.159883, 2.73938
2017-12-30 02:44:42.599518, 2.74849
2017-12-30 02:49:43.272827, 2.73773
2017-12-30 02:54:43.897382, 2.73295
2017-12-30 02:59:44.373537, 2.73295
2017-12-30 03:04:44.979379, 2.68815
2017-12-30 03:09:45.755163, 2.66507
2017-12-30 03:14:46.323965, 2.62105
2017-12-30 03:19:46.826224, 2.6269
2017-12-30 03:24:47.423393, 2.65097
2017-12-30 03:29:48.122591, 2.63432
2017-12-30 03:34:48.783895, 2.63432
2017-12-30 03:39:49.271575, 2.62058
2017-12-30 03:44:49.664213, 2.61711
2017-12-30 03:49:50.526488, 2.58016
2017-12-30 03:54:51.012723, 2.53741
2017-12-30 03:59:51.662112, 2.59529
2017-12-30 04:04:52.311253, 2.59529
2017-12-30 04:09:52.873416, 2.5718
2017-12-30 04:14:53.361988, 2.49555
2017-12-30 04:19:53.754045, 2.49555
2017-12-30 04:24:54.202662, 2.49842
2017-12-30 04:29:54.726150, 2.47374
2017-12-30 04:34:55.172985, 2.50803
2017-12-30 04:39:55.847876, 2.50803
2017-12-30 04:44:56.542846, 2.39655
2017-12-30 04:49:57.038495, 2.42452
2017-12-30 04:54:57.745704, 2.44673
2017-12-30 04:59:59.608846, 2.3883
2017-12-30 05:05:00.007031, 2.38267
2017-12-30 05:10:00.620916, 2.38483
2017-12-30 05:15:01.087364, 2.38483
2017-12-30 05:20:01.593242, 2.3621
2017-12-30 05:25:02.036974, 2.3621
2017-12-30 05:30:02.409762, 2.26996
2017-12-30 05:35:02.824091, 2.30135
2017-12-30 05:40:03.307750, 2.33014
2017-12-30 05:45:03.950046, 2.39381
2017-12-30 05:50:05.933162, 2.47215
2017-12-30 05:55:06.573693, 2.50797
2017-12-30 06:00:07.256916, 2.48095
2017-12-30 06:05:07.964688, 2.43317
2017-12-30 06:10:08.469358, 2.43317
2017-12-30 06:15:08.954959, 2.46426
2017-12-30 06:20:09.353574, 2.46727
2017-12-30 06:25:09.780991, 2.45751
2017-12-30 06:30:10.301479, 2.44676
2017-12-30 06:35:10.892929, 2.4335
2017-12-30 06:40:11.433365, 2.4094
2017-12-30 06:45:12.015127, 2.4152
2017-12-30 06:50:12.588682, 2.40584
2017-12-30 06:55:13.203187, 2.38758
2017-12-30 07:00:13.645249, 2.36927
2017-12-30 07:05:14.269015, 2.33536
2017-12-30 07:10:14.924635, 2.31374
2017-12-30 07:15:15.507257, 2.32509
2017-12-30 07:20:15.871826, 2.32732
2017-12-30 07:25:16.515258, 2.32232
2017-12-30 07:30:16.999357, 2.33809
2017-12-30 07:35:17.553000, 2.36972
2017-12-30 07:40:18.320452, 2.40795
2017-12-30 07:45:19.074322, 2.36351
2017-12-30 07:50:19.444019, 2.33701
2017-12-30 07:55:19.960123, 2.29312
2017-12-30 08:00:20.452788, 2.29312
2017-12-30 08:05:20.893446, 2.31963
2017-12-30 08:10:21.490126, 2.25451
2017-12-30 08:15:22.035771, 2.23831
2017-12-30 08:20:22.819627, 2.19996
2017-12-30 08:25:23.573851, 2.21037
2017-12-30 08:30:24.083874, 2.21963
2017-12-30 08:35:24.706619, 2.26727
2017-12-30 08:40:25.206930, 2.25569
2017-12-30 08:45:25.925085, 2.22242
2017-12-30 08:50:26.368315, 2.22572
2017-12-30 08:55:27.069311, 2.24503
2017-12-30 09:00:27.398807, 2.24097
2017-12-30 09:05:27.978023, 2.27576
2017-12-30 09:10:28.485529, 2.3152
2017-12-30 09:15:29.164082, 2.33449
2017-12-30 09:20:29.564518, 2.31658
2017-12-30 09:25:30.167412, 2.29818
2017-12-30 09:30:30.671484, 2.31632
2017-12-30 09:35:31.279217, 2.29356
2017-12-30 09:40:31.661166, 2.27396
2017-12-30 09:45:32.077034, 2.29969
2017-12-30 09:50:32.819378, 2.31863
2017-12-30 09:55:33.268550, 2.32639
2017-12-30 10:00:33.905940, 2.33634
2017-12-30 10:05:34.552564, 2.37395
2017-12-30 10:10:35.115525, 2.39059
2017-12-30 10:15:35.893226, 2.41804
2017-12-30 10:20:36.492523, 2.48121
2017-12-30 10:25:36.973488, 2.4636
2017-12-30 10:30:37.684210, 2.46816
2017-12-30 10:35:38.219852, 2.47883
2017-12-30 10:40:39.216743, 2.45723
2017-12-30 10:45:39.761646, 2.39381
2017-12-30 10:50:40.275074, 2.38815
2017-12-30 10:55:40.893551, 2.38815
2017-12-30 11:00:41.406082, 2.44017
2017-12-30 11:05:41.911317, 2.44277
2017-12-30 11:10:42.558845, 2.41962
2017-12-30 11:15:43.055698, 2.38369
2017-12-30 11:20:43.753570, 2.38254
2017-12-30 11:25:44.404262, 2.3903
2017-12-30 11:30:44.924986, 2.38131
2017-12-30 11:35:45.909503, 2.36766
2017-12-30 11:40:46.568115, 2.35507
2017-12-30 11:45:47.012689, 2.35507
2017-12-30 11:50:47.771452, 2.31669
2017-12-30 11:55:48.439635, 2.33917
2017-12-30 12:00:49.415131, 2.33291
2017-12-30 12:05:51.061302, 2.32976
2017-12-30 12:10:51.500487, 2.34859
2017-12-30 12:15:52.315446, 2.36252
2017-12-30 12:20:52.845456, 2.38416
2017-12-30 12:25:53.235585, 2.37302
2017-12-30 12:30:53.841877, 2.38305
2017-12-30 12:35:54.384975, 2.38976
2017-12-30 12:40:54.927375, 2.38526
2017-12-30 12:45:55.405772, 2.38057
2017-12-30 12:50:55.916081, 2.38295
2017-12-30 12:55:56.301417, 2.39789
2017-12-30 13:00:56.918799, 2.39841
2017-12-30 13:05:57.552123, 2.39227
2017-12-30 13:10:57.997039, 2.37532
2017-12-30 13:15:58.539957, 2.35343
2017-12-30 13:21:00.274650, 2.34514
2017-12-30 13:26:00.653370, 2.34927
2017-12-30 13:31:01.244683, 2.34424
2017-12-30 13:36:01.545507, 2.33429
2017-12-30 13:41:02.134334, 2.32913
2017-12-30 13:46:02.830747, 2.34026
2017-12-30 13:51:03.598967, 2.34339
2017-12-30 13:56:04.659291, 2.3469
2017-12-30 14:01:05.060370, 2.34695
2017-12-30 14:06:06.677686, 2.3452
2017-12-30 14:11:07.252009, 2.34095
2017-12-30 14:16:07.883788, 2.31179
2017-12-30 14:21:08.738876, 2.32453
2017-12-30 14:26:09.583580, 2.32649
2017-12-30 14:31:10.238302, 2.3056
2017-12-30 14:36:10.817906, 2.29695
2017-12-30 14:41:11.741281, 2.28961
2017-12-30 14:46:12.775729, 2.28143
2017-12-30 14:51:13.486957, 2.27306
2017-12-30 14:56:14.034284, 2.24312
2017-12-30 15:01:14.753509, 2.24777
2017-12-30 15:06:15.608983, 2.24053
2017-12-30 15:11:16.298710, 2.22167
2017-12-30 15:16:16.964334, 2.21147
2017-12-30 15:21:17.879011, 2.17085
2017-12-30 15:26:18.939740, 2.1351
2017-12-30 15:31:19.712098, 2.23087
2017-12-30 15:36:20.573622, 2.22637
2017-12-30 15:41:21.369025, 2.24161
2017-12-30 15:46:21.973023, 2.22272
2017-12-30 15:51:22.840458, 2.22082
2017-12-30 15:56:23.540037, 2.22019
2017-12-30 16:01:24.175642, 2.22561
2017-12-30 16:06:24.988258, 2.19498
2017-12-30 16:11:26.305215, 2.1501
2017-12-30 16:16:26.728945, 2.14925
2017-12-30 16:21:27.071942, 2.14728
2017-12-30 16:26:27.673139, 2.09351
2017-12-30 16:31:28.287112, 2.03517
2017-12-30 16:36:28.977871, 2.10954
2017-12-30 16:41:29.682966, 2.09974
2017-12-30 16:46:30.229153, 2.1168
2017-12-30 16:51:30.775863, 2.18142
2017-12-30 16:56:31.629354, 2.16859
2017-12-30 17:01:32.278222, 2.17148
2017-12-30 17:06:32.951969, 2.13704
2017-12-30 17:11:33.571884, 2.14632
2017-12-30 17:16:34.253717, 2.12294
2017-12-30 17:21:34.865423, 2.09934
2017-12-30 17:26:35.545946, 2.07359
2017-12-30 17:31:36.092610, 2.07941
2017-12-30 17:36:36.742207, 2.0489
2017-12-30 17:41:37.286693, 2.10689
2017-12-30 17:46:37.886393, 2.10644
2017-12-30 17:51:38.440351, 2.08803
2017-12-30 17:56:38.811607, 2.10987
2017-12-30 18:01:39.838612, 2.14077
2017-12-30 18:06:40.487243, 2.22241
2017-12-30 18:11:41.086729, 2.26444
2017-12-30 18:16:42.028733, 2.21378
2017-12-30 18:21:42.670150, 2.24969
2017-12-30 18:26:43.390156, 2.28843
2017-12-30 18:31:43.973721, 2.27168
2017-12-30 18:36:45.273156, 2.22926
2017-12-30 18:41:45.948650, 2.2033
2017-12-30 18:46:46.527468, 2.2065
2017-12-30 18:51:46.953747, 2.17644
2017-12-30 18:56:47.479993, 2.17455
2017-12-30 19:01:48.132542, 2.15902
2017-12-30 19:06:48.775538, 2.0951
2017-12-30 19:11:49.525957, 2.16893
2017-12-30 19:16:50.008118, 2.19026
2017-12-30 19:21:50.549450, 2.17626
2017-12-30 19:26:51.012792, 2.18248
2017-12-30 19:31:51.542666, 2.19877
2017-12-30 19:36:52.183586, 2.22289
2017-12-30 19:41:52.814689, 2.22377
2017-12-30 19:46:53.589023, 2.18402
2017-12-30 19:51:54.401386, 2.18054
2017-12-30 19:56:54.948035, 2.17409
2017-12-30 20:01:55.428159, 2.18292
2017-12-30 20:06:55.888169, 2.18467
2017-12-30 20:11:56.790429, 2.17136
2017-12-30 20:16:57.757242, 2.1545
2017-12-30 20:21:58.498086, 2.15677
2017-12-30 20:27:00.453247, 2.14622
2017-12-30 20:32:00.831246, 2.16096
2017-12-30 20:37:01.349849, 2.16898
2017-12-30 20:42:02.012175, 2.15427
2017-12-30 20:47:02.662925, 2.12329
2017-12-30 20:52:03.039858, 2.12969
2017-12-30 20:57:03.580652, 2.10531
2017-12-30 21:02:04.296712, 2.07158
2017-12-30 21:07:05.021063, 2.067
2017-12-30 21:12:05.727145, 2.0876
2017-12-30 21:17:06.546656, 2.08744
2017-12-30 21:22:06.994470, 2.06269
2017-12-30 21:27:07.678460, 2.07069
2017-12-30 21:32:08.424344, 2.06373
2017-12-30 21:37:08.937539, 2.06171
2017-12-30 21:42:09.687479, 2.03013
2017-12-30 21:47:10.341698, 2.01676
2017-12-30 21:52:10.782110, 2.02633
2017-12-30 21:57:11.575391, 1.98867
2017-12-30 22:02:12.217555, 2.0041
2017-12-30 22:07:12.878994, 2.0486
2017-12-30 22:12:13.481883, 2.05788
2017-12-30 22:17:14.335377, 2.01745
2017-12-30 22:22:15.037670, 2.01228
2017-12-30 22:27:15.667929, 2.00997
2017-12-30 22:32:16.384607, 1.97343
2017-12-30 22:37:16.923150, 1.96211
2017-12-30 22:42:17.413808, 1.98552
2017-12-30 22:47:18.228806, 1.96736
2017-12-30 22:52:18.813863, 1.93345
2017-12-30 22:57:19.553836, 1.92563
2017-12-30 23:02:20.218806, 1.90995
2017-12-30 23:07:20.758181, 1.92925
2017-12-30 23:12:21.373486, 1.91827
2017-12-30 23:17:21.952258, 1.92857
2017-12-30 23:22:22.399934, 1.92954
2017-12-30 23:27:22.921753, 1.90476
2017-12-30 23:32:23.766632, 1.8703
2017-12-30 23:37:24.229779, 1.90656
2017-12-30 23:42:24.884715, 1.93328
2017-12-30 23:47:25.404651, 1.97283
2017-12-30 23:52:26.184477, 1.97258
2017-12-30 23:57:26.734664, 2.00805
2017-12-31 00:02:27.284719, 2.06579
2017-12-31 00:07:27.844434, 2.04674
2017-12-31 00:12:28.579928, 2.00452
2017-12-31 00:17:29.040501, 2.01095
2017-12-31 00:22:29.637570, 1.99226
2017-12-31 00:27:30.525472, 1.96937
2017-12-31 00:32:30.971766, 1.99601
2017-12-31 00:37:31.617443, 1.97606
2017-12-31 00:42:32.229724, 1.98682
2017-12-31 00:47:32.824910, 2.00425
2017-12-31 00:52:33.423920, 2.02357
2017-12-31 00:57:34.001925, 2.06372
2017-12-31 01:02:34.721395, 2.06466
2017-12-31 01:07:35.199637, 2.03327
2017-12-31 01:12:35.639333, 2.05931
2017-12-31 01:17:36.055431, 2.05136
2017-12-31 01:22:36.699329, 2.05802
2017-12-31 01:27:37.279023, 2.05984
2017-12-31 01:32:37.834978, 2.11157
2017-12-31 01:37:38.466945, 2.13098
2017-12-31 01:42:38.981522, 2.1908
2017-12-31 01:47:39.731053, 2.22019
2017-12-31 01:52:40.315450, 2.2571
2017-12-31 01:57:40.914677, 2.21898
2017-12-31 02:02:41.404647, 2.20539
2017-12-31 02:07:41.849472, 2.20872
2017-12-31 02:12:42.355343, 2.19829
2017-12-31 02:17:42.827948, 2.15693
2017-12-31 02:22:43.447121, 2.12708
2017-12-31 02:27:44.026461, 2.13351
2017-12-31 02:32:44.745140, 2.15465
2017-12-31 02:37:45.394740, 2.14407
2017-12-31 02:42:45.941481, 2.14332
2017-12-31 02:47:46.523688, 2.13232
2017-12-31 02:52:46.936840, 2.12844
2017-12-31 02:57:47.611075, 2.17926
2017-12-31 03:02:48.127370, 2.16459
2017-12-31 03:07:48.776296, 2.20215
2017-12-31 03:12:49.326893, 2.22988
2017-12-31 03:17:49.868799, 2.18904
2017-12-31 03:22:50.450732, 2.18694
2017-12-31 03:27:50.947370, 2.17951
2017-12-31 03:32:51.546726, 2.18542
2017-12-31 03:37:52.634465, 2.19403
2017-12-31 03:42:53.087188, 2.22127
2017-12-31 03:47:53.586474, 2.23587
2017-12-31 03:52:54.302277, 2.25364
2017-12-31 03:57:54.852414, 2.2433
2017-12-31 04:02:55.402461, 2.22771
2017-12-31 04:07:55.972472, 2.22592
2017-12-31 04:12:56.500630, 2.23487
2017-12-31 04:17:56.934116, 2.22829
2017-12-31 04:22:57.731154, 2.23281
2017-12-31 04:27:58.269161, 2.20932
2017-12-31 04:32:58.675746, 2.19407
2017-12-31 04:37:59.356905, 2.20372
2017-12-31 04:43:01.102304, 2.18385
2017-12-31 04:48:01.484946, 2.18641
2017-12-31 04:53:01.860493, 2.18643
2017-12-31 04:58:02.288413, 2.18613
2017-12-31 05:03:02.672105, 2.18237
2017-12-31 05:08:03.041468, 2.17878
2017-12-31 05:13:03.587504, 2.1948
2017-12-31 05:18:04.135997, 2.21301
2017-12-31 05:23:04.754866, 2.20391
2017-12-31 05:28:05.403578, 2.19859
2017-12-31 05:33:05.782353, 2.19568
2017-12-31 05:38:06.626881, 2.19702
2017-12-31 05:43:07.052919, 2.20717
2017-12-31 05:48:07.588231, 2.19747
2017-12-31 05:53:07.995795, 2.19889
2017-12-31 05:58:08.681366, 2.20283
2017-12-31 06:03:09.102695, 2.20657
2017-12-31 06:08:09.703621, 2.21984
2017-12-31 06:13:10.352126, 2.243
2017-12-31 06:18:11.140144, 2.23494
2017-12-31 06:23:11.821755, 2.23048
2017-12-31 06:28:12.669852, 2.23589
2017-12-31 06:33:14.244944, 2.25592
2017-12-31 06:38:14.902935, 2.2505
2017-12-31 06:43:15.471990, 2.25208
2017-12-31 06:48:15.982012, 2.25078
2017-12-31 06:53:16.733949, 2.25588
2017-12-31 06:58:17.316338, 2.25325
2017-12-31 07:03:17.932630, 2.24593
2017-12-31 07:08:18.783015, 2.24695
2017-12-31 07:13:19.260597, 2.25101
2017-12-31 07:18:20.005948, 2.25078
2017-12-31 07:23:20.629678, 2.27679
2017-12-31 07:28:21.480399, 2.33386
2017-12-31 07:33:22.260984, 2.37424
2017-12-31 07:38:22.824711, 2.37271
2017-12-31 07:43:23.633829, 2.36992
2017-12-31 07:48:24.278044, 2.36258
2017-12-31 07:53:24.938495, 2.35642
2017-12-31 07:58:25.706695, 2.31807
2017-12-31 08:03:26.325579, 2.30335
2017-12-31 08:08:26.920262, 2.33103
2017-12-31 08:13:27.835694, 2.35322
2017-12-31 08:18:28.689653, 2.35364
2017-12-31 08:23:29.255934, 2.36871
2017-12-31 08:28:29.762584, 2.392
2017-12-31 08:33:30.239962, 2.37717
2017-12-31 08:38:30.941465, 2.37037
2017-12-31 08:43:31.398491, 2.35958
2017-12-31 08:48:32.078277, 2.36813
2017-12-31 08:53:32.738341, 2.37816
2017-12-31 08:58:33.273132, 2.37411
2017-12-31 09:03:33.889267, 2.36692
2017-12-31 09:08:34.643185, 2.35863
2017-12-31 09:13:35.058252, 2.34679
2017-12-31 09:18:35.833689, 2.34769
2017-12-31 09:23:36.378454, 2.31635
2017-12-31 09:28:37.040251, 2.31375
2017-12-31 09:33:37.470626, 2.33091
2017-12-31 09:38:38.118643, 2.33429
2017-12-31 09:43:38.597754, 2.30772
2017-12-31 09:48:38.994861, 2.28625
2017-12-31 09:53:39.665958, 2.29166
2017-12-31 09:58:40.137747, 2.283
2017-12-31 10:03:40.675920, 2.30525
2017-12-31 10:08:41.131828, 2.23624
2017-12-31 10:13:41.981413, 2.26584
2017-12-31 10:18:42.845594, 2.25747
2017-12-31 10:23:43.583486, 2.25638
2017-12-31 10:28:44.123042, 2.22524
2017-12-31 10:33:44.877935, 2.21835
2017-12-31 10:38:45.595171, 2.23229
2017-12-31 10:43:46.551167, 2.26335
2017-12-31 10:48:47.121291, 2.25911
2017-12-31 10:53:48.156334, 2.24478
2017-12-31 10:58:48.976179, 2.24912
2017-12-31 11:03:49.654772, 2.25067
2017-12-31 11:08:50.717420, 2.24835
2017-12-31 11:13:51.463955, 2.25412
2017-12-31 11:18:52.115220, 2.25635
2017-12-31 11:23:52.954630, 2.26221
2017-12-31 11:28:54.129234, 2.26283
2017-12-31 11:33:54.707316, 2.23924
2017-12-31 11:38:56.275638, 2.24262
2017-12-31 11:43:56.919280, 2.22381
2017-12-31 11:48:57.644949, 2.20647
2017-12-31 11:53:58.396007, 2.2055
2017-12-31 11:58:59.006652, 2.23648
2017-12-31 12:03:59.722606, 2.2244
2017-12-31 12:09:01.550877, 2.21677
2017-12-31 12:14:01.958529, 2.23315
2017-12-31 12:19:02.330475, 2.26437
2017-12-31 12:24:02.777357, 2.26431
2017-12-31 12:29:03.340995, 2.24993
2017-12-31 12:34:03.987201, 2.24211
2017-12-31 12:39:04.395676, 2.24626
2017-12-31 12:44:04.976935, 2.24983
2017-12-31 12:49:05.666644, 2.25498
2017-12-31 12:54:06.481187, 2.25644
2017-12-31 12:59:07.024818, 2.25439
2017-12-31 13:04:07.891997, 2.25627
2017-12-31 13:09:08.663164, 2.25271
2017-12-31 13:14:09.225046, 2.25096
2017-12-31 13:19:10.172091, 2.24972
2017-12-31 13:24:21.190440, 2.24237
2017-12-31 13:29:22.500268, 2.2516
2017-12-31 13:34:23.038838, 2.24444
2017-12-31 13:39:23.811639, 2.24444
2017-12-31 13:44:24.468149, 2.24906
2017-12-31 13:49:25.495754, 2.24572
2017-12-31 13:54:26.858906, 2.23937
2017-12-31 13:59:27.445002, 2.24053
2017-12-31 14:04:28.866137, 2.2391
2017-12-31 14:09:29.420331, 2.2219
2017-12-31 14:14:30.389968, 2.23334
2017-12-31 14:19:31.026515, 2.22101
2017-12-31 14:24:31.779800, 2.21636
2017-12-31 14:29:32.526385, 2.21364
2017-12-31 14:34:33.045221, 2.23367
2017-12-31 14:39:34.106446, 2.23373
2017-12-31 14:44:35.059617, 2.23603
2017-12-31 14:49:35.847693, 2.23603
2017-12-31 14:54:36.387580, 2.26341
2017-12-31 14:59:36.854201, 2.26251
2017-12-31 15:04:37.821720, 2.25348
2017-12-31 15:09:38.572786, 2.24428
2017-12-31 15:14:39.152285, 2.26837
2017-12-31 15:19:39.832535, 2.26747
2017-12-31 15:24:40.412667, 2.26317
2017-12-31 15:29:40.857618, 2.27243
2017-12-31 15:34:41.675816, 2.27243
2017-12-31 15:39:42.951046, 2.27916
2017-12-31 15:44:43.724912, 2.27787
2017-12-31 15:49:44.274389, 2.28768
2017-12-31 15:54:44.774139, 2.28768
2017-12-31 15:59:45.737348, 2.30166
2017-12-31 16:04:46.491148, 2.29915
2017-12-31 16:09:47.048976, 2.29887
2017-12-31 16:14:48.093881, 2.29887
2017-12-31 16:19:48.746684, 2.31272
2017-12-31 16:24:49.471655, 2.32106
2017-12-31 16:29:49.929418, 2.32278
2017-12-31 16:34:50.523468, 2.35644
2017-12-31 16:39:51.050861, 2.35663
2017-12-31 16:44:51.990522, 2.34397
2017-12-31 16:49:52.665982, 2.34397
2017-12-31 16:54:53.145066, 2.32439
2017-12-31 16:59:53.964756, 2.32197
2017-12-31 17:04:54.683804, 2.3376
2017-12-31 17:09:55.874199, 2.328
2017-12-31 17:14:56.527738, 2.32935
2017-12-31 17:19:56.948636, 2.31982
2017-12-31 17:24:57.841755, 2.31308
2017-12-31 17:29:58.643428, 2.3054
2017-12-31 17:34:59.095746, 2.3153
2017-12-31 17:39:59.757660, 2.3153
2017-12-31 17:45:00.384493, 2.31444
2017-12-31 17:50:02.069133, 2.31739
2017-12-31 17:55:02.444205, 2.31739
2017-12-31 18:00:02.858534, 2.31168
2017-12-31 18:05:03.696396, 2.29417
2017-12-31 18:10:04.379235, 2.2859
2017-12-31 18:15:05.036870, 2.27574
2017-12-31 18:20:05.779542, 2.27574
2017-12-31 18:25:06.487486, 2.2872
2017-12-31 18:30:07.389858, 2.27933
2017-12-31 18:35:08.100732, 2.27933
2017-12-31 18:40:08.762798, 2.27663
2017-12-31 18:45:09.897709, 2.28004
2017-12-31 18:50:10.546054, 2.27965
2017-12-31 18:55:11.329888, 2.27965
2017-12-31 19:00:11.953295, 2.30057
2017-12-31 19:05:12.495130, 2.29602
2017-12-31 19:10:13.074743, 2.29602
2017-12-31 19:15:13.825597, 2.28177
2017-12-31 19:20:14.373594, 2.27762
2017-12-31 19:25:15.056227, 2.26559
2017-12-31 19:30:15.938241, 2.26458
2017-12-31 19:35:16.485421, 2.25759
2017-12-31 19:40:17.076873, 2.26196
2017-12-31 19:45:17.886230, 2.26581
2017-12-31 19:50:18.833282, 2.26581
2017-12-31 19:55:19.532697, 2.26819
2017-12-31 20:00:19.970742, 2.26889
2017-12-31 20:05:20.402050, 2.25918
2017-12-31 20:10:21.160532, 2.25978
2017-12-31 20:15:21.826691, 2.26559
2017-12-31 20:20:22.731977, 2.28606
2017-12-31 20:25:23.155255, 2.30055
2017-12-31 20:30:23.869579, 2.3091
2017-12-31 20:35:25.155329, 2.28886
2017-12-31 20:40:25.956200, 2.28886
2017-12-31 20:45:27.539168, 2.28655
2017-12-31 20:50:28.490757, 2.28655
2017-12-31 20:55:30.055247, 2.29178
2017-12-31 21:00:30.548856, 2.2853
2017-12-31 21:05:31.487827, 2.2876
2017-12-31 21:10:32.528054, 2.29263
2017-12-31 21:15:44.283896, 2.29207
2017-12-31 21:20:45.402415, 2.29285
2017-12-31 21:25:46.643100, 2.29395
2017-12-31 21:30:47.162862, 2.29538
2017-12-31 21:35:47.747229, 2.298
2017-12-31 21:40:48.282305, 2.29212
2017-12-31 21:45:48.953272, 2.29216
2017-12-31 21:50:49.413448, 2.29164
2017-12-31 21:55:50.166607, 2.29959
2017-12-31 22:00:50.842054, 2.30047
2017-12-31 22:05:51.631039, 2.29134
2017-12-31 22:10:52.412613, 2.28853
2017-12-31 22:15:53.069179, 2.27492
2017-12-31 22:20:53.715210, 2.26866
2017-12-31 22:25:54.470073, 2.26494
2017-12-31 22:30:55.064641, 2.27512
2017-12-31 22:35:55.730160, 2.27249
2017-12-31 22:40:56.483284, 2.26812
2017-12-31 22:45:57.031901, 2.26828
2017-12-31 22:50:57.719097, 2.2622
2017-12-31 22:55:58.459528, 2.2608
2017-12-31 23:00:58.904074, 2.26203
2017-12-31 23:05:59.622824, 2.26623
2017-12-31 23:11:00.210707, 2.25744
2017-12-31 23:16:00.753342, 2.25542
2017-12-31 23:21:02.472158, 2.25457
2017-12-31 23:26:03.021596, 2.2324
2017-12-31 23:31:03.528414, 2.25575
2017-12-31 23:36:04.072058, 2.25704
2017-12-31 23:41:04.683673, 2.25619
2017-12-31 23:46:05.138782, 2.26459
2017-12-31 23:51:05.791265, 2.25667
2017-12-31 23:56:06.631351, 2.25475
2018-01-01 00:01:06.989062, 2.24583
2018-01-01 00:06:07.654739, 2.25046
2018-01-01 00:11:08.373902, 2.25033
2018-01-01 00:16:09.467178, 2.24204
2018-01-01 00:21:10.009975, 2.23447
2018-01-01 00:26:10.623713, 2.23741
2018-01-01 00:31:11.471867, 2.23072
2018-01-01 00:36:12.155626, 2.23319
2018-01-01 00:41:12.861302, 2.24526
2018-01-01 00:46:13.447211, 2.25758
2018-01-01 00:51:13.992856, 2.25916
2018-01-01 00:56:14.916532, 2.26087
2018-01-01 01:01:15.487079, 2.26489
2018-01-01 01:06:16.244015, 2.26018
2018-01-01 01:11:16.892648, 2.25588
2018-01-01 01:16:17.404390, 2.24245
2018-01-01 01:21:18.154490, 2.24236
2018-01-01 01:26:18.730723, 2.24365
2018-01-01 01:31:19.152503, 2.24428
2018-01-01 01:36:19.827546, 2.24306
2018-01-01 01:41:20.437775, 2.24036
2018-01-01 01:46:20.915921, 2.24296
2018-01-01 01:51:21.527999, 2.24489
2018-01-01 01:56:22.104381, 2.25795
2018-01-01 02:01:22.732121, 2.26708
2018-01-01 02:06:23.137882, 2.26127
2018-01-01 02:11:23.605348, 2.25298
2018-01-01 02:16:24.289928, 2.25354
2018-01-01 02:21:25.110029, 2.24911
2018-01-01 02:26:26.412704, 2.24703
2018-01-01 02:31:27.004606, 2.24718
2018-01-01 02:36:27.765126, 2.25229
2018-01-01 02:41:28.546196, 2.25065
2018-01-01 02:46:29.053541, 2.24805
2018-01-01 02:51:29.528524, 2.24388
2018-01-01 02:56:30.078875, 2.243
2018-01-01 03:01:30.722183, 2.24536
2018-01-01 03:06:31.062193, 2.24406
2018-01-01 03:11:31.717347, 2.24831
2018-01-01 03:16:32.469821, 2.2605
2018-01-01 03:21:33.051071, 2.27241
2018-01-01 03:26:33.834589, 2.27131
2018-01-01 03:31:34.379972, 2.27773
2018-01-01 03:36:34.960800, 2.2699
2018-01-01 03:41:35.472340, 2.25828
2018-01-01 03:46:36.526308, 2.25491
2018-01-01 03:51:37.102335, 2.2566
2018-01-01 03:56:38.136515, 2.25698
2018-01-01 04:01:38.558062, 2.25498
2018-01-01 04:06:39.536752, 2.25574
2018-01-01 04:11:40.186597, 2.25592
2018-01-01 04:16:40.938831, 2.26095
2018-01-01 04:21:41.726486, 2.26746
2018-01-01 04:26:42.476398, 2.26612
2018-01-01 04:31:43.103356, 2.26756
2018-01-01 04:36:44.048733, 2.26122
2018-01-01 04:41:44.735200, 2.26268
2018-01-01 04:46:45.588655, 2.26188
2018-01-01 04:51:46.232201, 2.2575
2018-01-01 04:56:46.751472, 2.25261
2018-01-01 05:01:47.196434, 2.25453
2018-01-01 05:06:47.675206, 2.2526
2018-01-01 05:11:48.325404, 2.25285
2018-01-01 05:16:48.837739, 2.25371
2018-01-01 05:21:49.525912, 2.25188
2018-01-01 05:26:50.064140, 2.2537
2018-01-01 05:31:50.967819, 2.25163
2018-01-01 05:36:51.678128, 2.256
2018-01-01 05:41:52.309219, 2.25536
2018-01-01 05:46:52.848441, 2.25701
2018-01-01 05:51:53.627076, 2.25922
2018-01-01 05:56:54.477073, 2.26449
2018-01-01 06:01:55.021852, 2.26112
2018-01-01 06:06:55.643129, 2.2592
2018-01-01 06:11:56.328913, 2.25427
2018-01-01 06:16:57.084660, 2.2396
2018-01-01 06:21:58.201575, 2.23189
2018-01-01 06:26:58.746400, 2.24471
2018-01-01 06:31:59.427392, 2.23905
2018-01-01 06:37:00.352049, 2.2388
2018-01-01 06:42:00.983035, 2.23968
2018-01-01 06:47:02.697443, 2.2367
2018-01-01 06:52:03.323425, 2.23516
2018-01-01 06:57:04.079596, 2.23698
2018-01-01 07:02:04.758388, 2.2408
2018-01-01 07:07:05.249254, 2.24661
2018-01-01 07:12:06.121549, 2.24437
2018-01-01 07:17:06.909058, 2.24489
2018-01-01 07:22:07.456010, 2.24234
2018-01-01 07:27:08.270139, 2.24022
2018-01-01 07:32:08.815662, 2.23976
2018-01-01 07:37:09.361692, 2.24172
2018-01-01 07:42:10.009882, 2.24563
2018-01-01 07:47:10.589552, 2.24553
2018-01-01 07:52:11.654524, 2.24916
2018-01-01 07:57:12.258360, 2.25113
2018-01-01 08:02:13.031177, 2.2468
2018-01-01 08:07:13.762618, 2.23801
2018-01-01 08:12:14.440024, 2.22735
2018-01-01 08:17:15.049252, 2.21606
2018-01-01 08:22:15.739001, 2.22152
2018-01-01 08:27:16.183628, 2.21971
2018-01-01 08:32:16.892294, 2.21644
2018-01-01 08:37:17.473368, 2.20454
2018-01-01 08:42:18.394379, 2.211
2018-01-01 08:47:18.983273, 2.21054
2018-01-01 08:52:19.513446, 2.20898
2018-01-01 08:57:20.019571, 2.19237
2018-01-01 09:02:20.842031, 2.17602
2018-01-01 09:07:21.449875, 2.18879
2018-01-01 09:12:22.367982, 2.16477
2018-01-01 09:17:22.946834, 2.14897
2018-01-01 09:22:23.762777, 2.15445
2018-01-01 09:27:24.951788, 2.15295
2018-01-01 09:32:25.686433, 2.17684
2018-01-01 09:37:26.993999, 2.19062
2018-01-01 09:42:28.206312, 2.19713
2018-01-01 09:47:29.159838, 2.21539
2018-01-01 09:52:30.097210, 2.22156
2018-01-01 09:57:30.846190, 2.23613
2018-01-01 10:02:31.595071, 2.22963
2018-01-01 10:07:32.139849, 2.22175
2018-01-01 10:12:33.640899, 2.22288
2018-01-01 10:17:34.626466, 2.2247
2018-01-01 10:22:35.263953, 2.21342
2018-01-01 10:27:36.409975, 2.2226
2018-01-01 10:32:37.019348, 2.22277
2018-01-01 10:37:37.715350, 2.22123
2018-01-01 10:42:38.316620, 2.22186
2018-01-01 10:47:39.033721, 2.23066
2018-01-01 10:52:39.511011, 2.22822
2018-01-01 10:57:40.470854, 2.22799
2018-01-01 11:02:41.042274, 2.22573
2018-01-01 11:07:41.594935, 2.22969
2018-01-01 11:12:42.851768, 2.22541
2018-01-01 11:17:43.581207, 2.21846
2018-01-01 11:22:44.146005, 2.22184
2018-01-01 11:27:45.200044, 2.21889
2018-01-01 11:32:47.041781, 2.2133
2018-01-01 11:37:48.494640, 2.21197
2018-01-01 11:42:49.173181, 2.20566
2018-01-01 11:47:49.849965, 2.21278
2018-01-01 11:52:50.565325, 2.22112
2018-01-01 11:57:51.100753, 2.22074
2018-01-01 12:02:51.769301, 2.21148
2018-01-01 12:07:52.313982, 2.20977
2018-01-01 12:12:52.902964, 2.21046
2018-01-01 12:17:53.619472, 2.21252
2018-01-01 12:22:54.508198, 2.21236
2018-01-01 12:27:55.175496, 2.2143
2018-01-01 12:32:55.708973, 2.21834
2018-01-01 12:37:56.255096, 2.22257
2018-01-01 12:42:56.899331, 2.22303
2018-01-01 12:47:57.810352, 2.22039
2018-01-01 12:52:58.683810, 2.2156
2018-01-01 12:57:59.102183, 2.21455
2018-01-01 13:02:59.877209, 2.21157
2018-01-01 13:08:00.429239, 2.20443
2018-01-01 13:13:01.062909, 2.20535
2018-01-01 13:18:03.109488, 2.20396
2018-01-01 13:23:03.648421, 2.20579
2018-01-01 13:28:04.194046, 2.20872
2018-01-01 13:33:05.015352, 2.21636
2018-01-01 13:38:05.694304, 2.21302
2018-01-01 13:43:06.316717, 2.21281
2018-01-01 13:48:06.962755, 2.20977
2018-01-01 13:53:07.546821, 2.21136
2018-01-01 13:58:08.099640, 2.20971
2018-01-01 14:03:08.911590, 2.21271
2018-01-01 14:08:09.498956, 2.2114
2018-01-01 14:13:10.212802, 2.21273
2018-01-01 14:18:11.017506, 2.21242
2018-01-01 14:23:11.917661, 2.21188
2018-01-01 14:28:12.919465, 2.20967
2018-01-01 14:33:13.724741, 2.20715
2018-01-01 14:38:14.414334, 2.20683
2018-01-01 14:43:14.917982, 2.2027
2018-01-01 14:48:15.983336, 2.20007
2018-01-01 14:53:16.625488, 2.19953
2018-01-01 14:58:17.587071, 2.20326
2018-01-01 15:03:18.126635, 2.20151
2018-01-01 15:08:19.052030, 2.20048
2018-01-01 15:13:20.140628, 2.20974
2018-01-01 15:18:21.133976, 2.22055
2018-01-01 15:23:22.051620, 2.22438
2018-01-01 15:28:22.633771, 2.23135
2018-01-01 15:33:23.530076, 2.22833
2018-01-01 15:38:24.505105, 2.23012
2018-01-01 15:43:25.111188, 2.22689
2018-01-01 15:48:25.838892, 2.21771
2018-01-01 15:53:26.483532, 2.21478
2018-01-01 15:58:27.202617, 2.21428
2018-01-01 16:03:28.154755, 2.21564
2018-01-01 16:08:28.909789, 2.21907
2018-01-01 16:13:29.441419, 2.23045
2018-01-01 16:18:30.101642, 2.2373
2018-01-01 16:23:30.862564, 2.23435
2018-01-01 16:28:31.508126, 2.23062
2018-01-01 16:33:32.133124, 2.23051
2018-01-01 16:38:32.790967, 2.22636
2018-01-01 16:43:33.581429, 2.22598
2018-01-01 16:48:34.125329, 2.22608
2018-01-01 16:53:34.670538, 2.22649
2018-01-01 16:58:35.175841, 2.2241
2018-01-01 17:03:35.926061, 2.22084
2018-01-01 17:08:36.472523, 2.21791
2018-01-01 17:13:37.180136, 2.20925
2018-01-01 17:18:38.593016, 2.2175
2018-01-01 17:23:39.124912, 2.21929
2018-01-01 17:28:40.294882, 2.21804
2018-01-01 17:33:41.074363, 2.21643
2018-01-01 17:38:42.305696, 2.21892
2018-01-01 17:43:43.241264, 2.23158
2018-01-01 17:48:43.941976, 2.25668
2018-01-01 17:53:44.765247, 2.2804
2018-01-01 17:58:45.390087, 2.26897
2018-01-01 18:03:46.197527, 2.27084
2018-01-01 18:08:46.910066, 2.26226
2018-01-01 18:13:47.558456, 2.24806
2018-01-01 18:18:48.039857, 2.25534
2018-01-01 18:23:48.651043, 2.25366
2018-01-01 18:28:49.131700, 2.26105
2018-01-01 18:33:49.844261, 2.272
2018-01-01 18:38:50.492375, 2.2793
2018-01-01 18:43:51.134668, 2.31012
2018-01-01 18:48:51.998579, 2.33737
2018-01-01 18:53:52.575289, 2.3409
2018-01-01 18:58:53.074628, 2.38617
2018-01-01 19:03:53.672706, 2.39103
2018-01-01 19:08:54.322144, 2.36948
2018-01-01 19:13:54.966542, 2.34167
2018-01-01 19:18:55.584663, 2.34355
2018-01-01 19:23:56.168406, 2.33966
2018-01-01 19:28:56.985331, 2.35152
2018-01-01 19:33:57.780501, 2.34986
2018-01-01 19:38:58.523105, 2.35447
2018-01-01 19:43:59.081999, 2.35305
2018-01-01 19:48:59.712906, 2.35136
2018-01-01 19:54:00.534582, 2.34526
2018-01-01 19:59:01.076767, 2.33179
2018-01-01 20:04:01.833327, 2.33962
2018-01-01 20:09:07.202863, 2.34744
2018-01-01 20:14:07.665233, 2.35517
2018-01-01 20:19:08.217001, 2.35371
2018-01-01 20:24:08.928911, 2.34985
2018-01-01 20:29:09.712444, 2.35305
2018-01-01 20:34:10.540291, 2.35
2018-01-01 20:39:11.136828, 2.32968
2018-01-01 20:44:11.770557, 2.31887
2018-01-01 20:49:12.205856, 2.30697
2018-01-01 20:54:12.859651, 2.29946
2018-01-01 20:59:13.504883, 2.3049
2018-01-01 21:04:14.231652, 2.28015
2018-01-01 21:09:14.908480, 2.28515
2018-01-01 21:14:15.862077, 2.29134
2018-01-01 21:19:16.605442, 2.2714
2018-01-01 21:24:17.154680, 2.26783
2018-01-01 21:29:18.176136, 2.25729
2018-01-01 21:34:18.823984, 2.25729
2018-01-01 21:39:19.614495, 2.27484
2018-01-01 21:44:20.427286, 2.27579
2018-01-01 21:49:21.076381, 2.29812
2018-01-01 21:54:21.826314, 2.28226
2018-01-01 21:59:22.372522, 2.2776
2018-01-01 22:04:23.067834, 2.27099
2018-01-01 22:09:23.806859, 2.26758
2018-01-01 22:14:29.270774, 2.2701
2018-01-01 22:19:30.003886, 2.27535
2018-01-01 22:24:30.666845, 2.27535
2018-01-01 22:29:31.170320, 2.27576
2018-01-01 22:34:31.828635, 2.27611
2018-01-01 22:39:32.832532, 2.27526
2018-01-01 22:44:33.264417, 2.27489
2018-01-01 22:49:34.182057, 2.27054
2018-01-01 22:54:34.866064, 2.27054
2018-01-01 22:59:35.823618, 2.27136
2018-01-01 23:04:36.583533, 2.27136
2018-01-01 23:09:37.162393, 2.26772
2018-01-01 23:14:37.950732, 2.26772
2018-01-01 23:19:38.593799, 2.27367
2018-01-01 23:24:39.108366, 2.27244
2018-01-01 23:29:41.106055, 2.26139
2018-01-01 23:34:41.859034, 2.25124
2018-01-01 23:39:42.415741, 2.25047
2018-01-01 23:44:43.090703, 2.25148
2018-01-01 23:49:43.616925, 2.25328
2018-01-01 23:54:44.466782, 2.25328
2018-01-01 23:59:45.155431, 2.25584
2018-01-02 00:04:45.970114, 2.25472
2018-01-02 00:09:46.830862, 2.25472
2018-01-02 00:14:47.718338, 2.25502
2018-01-02 00:19:48.365593, 2.25002
2018-01-02 00:24:49.053566, 2.24855
2018-01-02 00:29:49.938044, 2.25058
2018-01-02 00:34:50.687363, 2.24997
2018-01-02 00:39:51.230600, 2.25063
2018-01-02 00:44:51.712692, 2.24793
2018-01-02 00:49:52.448790, 2.24942
2018-01-02 00:54:53.168531, 2.25118
2018-01-02 00:59:53.926172, 2.25182
2018-01-02 01:04:54.676058, 2.25182
2018-01-02 01:09:55.327875, 2.25661
2018-01-02 01:14:55.797830, 2.25661
2018-01-02 01:19:56.489107, 2.25533
2018-01-02 01:24:57.216519, 2.25762
2018-01-02 01:29:58.132447, 2.26434
2018-01-02 01:34:58.873789, 2.2737
2018-01-02 01:39:59.514808, 2.30898
2018-01-02 01:45:00.091018, 2.30898
2018-01-02 01:50:00.844472, 2.30084
2018-01-02 01:55:01.487702, 2.29016
2018-01-02 02:00:02.136984, 2.2904
2018-01-02 02:05:07.469776, 2.28907
2018-01-02 02:10:08.102509, 2.29383
2018-01-02 02:15:08.850343, 2.29933
2018-01-02 02:20:09.427464, 2.29933
2018-01-02 02:25:09.973538, 2.31063
2018-01-02 02:30:10.426238, 2.30673
2018-01-02 02:35:10.857205, 2.30673
2018-01-02 02:40:11.468297, 2.30005
2018-01-02 02:45:12.012726, 2.30566
2018-01-02 02:50:12.773839, 2.3067
2018-01-02 02:55:13.263537, 2.31455
2018-01-02 03:00:13.852327, 2.31455
2018-01-02 03:05:14.533716, 2.319
2018-01-02 03:10:15.142485, 2.31426
2018-01-02 03:15:15.735321, 2.3187
2018-01-02 03:20:16.409214, 2.31728
2018-01-02 03:25:17.025928, 2.31673
2018-01-02 03:30:17.575454, 2.31119
2018-01-02 03:35:18.292273, 2.3096
2018-01-02 03:40:18.837809, 2.30574
2018-01-02 03:45:19.589308, 2.29649
2018-01-02 03:50:20.137471, 2.29649
2018-01-02 03:55:21.711554, 2.30222
2018-01-02 04:00:22.136001, 2.30282
2018-01-02 04:05:22.923217, 2.3079
2018-01-02 04:10:23.664683, 2.30623
2018-01-02 04:15:24.256440, 2.32003
2018-01-02 04:20:24.903690, 2.33715
2018-01-02 04:25:25.719650, 2.34049
2018-01-02 04:30:26.306513, 2.35326
2018-01-02 04:35:26.847924, 2.35743
2018-01-02 04:40:27.300323, 2.36116
2018-01-02 04:45:27.856734, 2.3591
2018-01-02 04:50:28.441232, 2.34834
2018-01-02 04:55:29.108467, 2.34383
2018-01-02 05:00:29.569018, 2.34224
2018-01-02 05:05:29.998503, 2.35011
2018-01-02 05:10:30.685670, 2.34531
2018-01-02 05:15:31.169535, 2.34299
2018-01-02 05:20:31.747743, 2.33703
2018-01-02 05:25:32.289601, 2.34229
2018-01-02 05:30:32.973582, 2.34332
2018-01-02 05:35:33.689835, 2.3419
2018-01-02 05:40:34.237498, 2.34802
2018-01-02 05:45:35.048387, 2.35545
2018-01-02 05:50:35.955641, 2.35027
2018-01-02 05:55:36.594043, 2.34489
2018-01-02 06:00:37.054323, 2.34777
2018-01-02 06:05:37.556858, 2.34986
2018-01-02 06:10:38.336755, 2.33903
2018-01-02 06:15:39.071856, 2.33814
2018-01-02 06:20:39.738053, 2.33618
2018-01-02 06:25:40.213133, 2.33992
2018-01-02 06:30:41.140768, 2.34246
2018-01-02 06:35:41.919100, 2.34112
2018-01-02 06:40:42.467565, 2.32991
2018-01-02 06:45:43.107122, 2.32786
2018-01-02 06:50:43.932787, 2.33654
2018-01-02 06:55:44.487849, 2.33267
2018-01-02 07:00:44.922755, 2.33275
2018-01-02 07:05:45.684703, 2.33346
2018-01-02 07:10:46.367171, 2.33603
2018-01-02 07:15:46.983614, 2.33666
2018-01-02 07:20:47.664693, 2.33191
2018-01-02 07:25:48.102126, 2.32853
2018-01-02 07:30:48.616267, 2.3299
2018-01-02 07:35:49.155208, 2.328
2018-01-02 07:40:49.849323, 2.3295
2018-01-02 07:45:50.492962, 2.33152
2018-01-02 07:50:51.228703, 2.33779
2018-01-02 07:55:51.929736, 2.36531
2018-01-02 08:00:52.536219, 2.3557
2018-01-02 08:05:53.126829, 2.37119
2018-01-02 08:10:53.793181, 2.39027
2018-01-02 08:15:54.953127, 2.42646
2018-01-02 08:20:55.948352, 2.42725
2018-01-02 08:25:56.761158, 2.44819
